# Run 1,Run 1,Run 1,Run 1,Run 1
Time (s),Acceleration - x (m/s²),Acceleration - y (m/s²),Acceleration - z (m/s²),Acceleration - resultant (m/s²)
0.000,11.0,5.2,5.7,13.4
0.025,10.8,5.2,6.5,13.6
0.050,10.8,5.2,6.5,13.6
0.075,10.8,5.2,6.5,13.6
0.100,10.9,5.2,6.2,13.5
0.125,10.9,5.2,6.2,13.5
0.150,10.9,5.2,6.2,13.5
0.175,10.9,5.2,6.2,13.5
0.200,10.9,5.2,6.4,13.7
0.225,10.9,5.2,6.4,13.7
0.250,10.9,5.2,6.4,13.7
0.275,10.9,5.2,6.4,13.7
0.300,10.9,5.2,6.2,13.6
0.325,10.9,5.2,6.2,13.6
0.350,10.9,5.2,6.2,13.6
0.375,10.8,5.3,6.0,13.4
0.400,10.8,5.3,6.0,13.4
0.425,10.8,5.3,6.0,13.4
0.450,10.8,5.3,6.0,13.4
0.475,8.8,5.9,5.8,12.1
0.500,8.8,5.9,5.8,12.1
0.525,8.8,5.9,5.8,12.1
0.550,7.1,5.7,6.2,11.0
0.575,7.1,5.7,6.2,11.0
0.600,7.1,5.7,6.2,11.0
0.625,7.1,5.7,6.2,11.0
0.650,6.6,7.0,6.4,11.6
0.675,6.6,7.0,6.4,11.6
0.700,6.6,7.0,6.4,11.6
0.725,6.6,7.0,6.4,11.6
0.750,6.8,7.5,6.4,12.0
0.775,6.8,7.5,6.4,12.0
0.800,6.8,7.5,6.4,12.0
0.825,7.3,7.1,6.2,11.9
0.850,7.3,7.1,6.2,11.9
0.875,7.3,7.1,6.2,11.9
0.900,6.8,7.3,6.3,11.8
0.925,6.8,7.3,6.3,11.8
0.950,6.8,7.3,6.3,11.8
0.975,7.1,6.3,6.3,11.4
1.000,7.1,6.3,6.3,11.4
1.025,7.1,6.3,6.3,11.4
1.050,7.1,6.3,6.3,11.4
1.075,7.2,5.6,6.4,11.1
1.100,7.2,5.6,6.4,11.1
1.125,7.2,5.6,6.4,11.1
1.150,7.2,5.6,6.4,11.1
1.175,6.8,5.5,6.0,10.6
1.200,6.8,5.5,6.0,10.6
1.225,6.8,5.5,6.0,10.6
1.250,6.8,5.5,6.0,10.6
1.275,7.1,5.6,6.3,11.0
1.300,7.1,5.6,6.3,11.0
1.325,7.1,5.6,6.3,11.0
1.350,6.8,6.5,6.0,11.2
1.375,6.8,6.5,6.0,11.2
1.400,6.8,6.5,6.0,11.2
1.425,6.8,6.5,6.0,11.2
1.450,6.9,7.2,6.2,11.8
1.475,6.9,7.2,6.2,11.8
1.500,6.9,7.2,6.2,11.8
1.525,6.9,7.2,6.2,11.8
1.550,6.9,7.4,5.9,11.7
1.575,6.9,7.4,5.9,11.7
1.600,6.9,7.4,5.9,11.7
1.625,6.9,7.4,5.9,11.7
1.650,6.8,7.0,6.1,11.5
1.675,6.8,7.0,6.1,11.5
1.700,6.8,7.0,6.1,11.5
1.725,6.9,6.3,5.9,11.1
1.750,6.9,6.3,5.9,11.1
1.775,6.9,6.3,5.9,11.1
1.800,6.9,6.3,5.9,11.1
1.825,6.8,5.8,6.1,10.8
1.850,6.8,5.8,6.1,10.8
1.875,6.8,5.8,6.1,10.8
1.900,6.8,5.8,6.1,10.8
1.925,6.8,5.5,6.2,10.7
1.950,6.8,5.5,6.2,10.7
1.975,6.8,5.8,6.1,10.8
2.000,6.8,5.8,6.1,10.8
2.025,6.8,5.8,6.1,10.8
2.050,6.8,5.8,6.1,10.8
2.075,6.8,6.4,6.3,11.3
2.100,6.8,6.4,6.3,11.3
2.125,6.8,6.4,6.3,11.3
2.150,6.8,6.4,6.3,11.3
2.175,6.9,7.0,6.2,11.6
2.200,6.9,7.0,6.2,11.6
2.225,6.9,7.0,6.2,11.6
2.250,6.9,7.0,6.2,11.6
2.275,6.9,7.1,6.2,11.7
2.300,6.8,7.3,6.4,11.9
2.325,6.8,7.3,6.4,11.9
2.350,6.8,7.3,6.4,11.9
2.375,6.8,7.3,6.4,11.9
2.400,6.9,6.7,6.3,11.5
2.425,6.9,6.7,6.3,11.5
2.450,6.9,6.7,6.3,11.5
2.475,6.9,6.7,6.3,11.5
2.500,6.9,6.5,6.3,11.4
2.525,6.9,5.6,6.3,10.9
2.550,6.9,5.6,6.3,10.9
2.575,6.9,5.6,6.3,10.9
2.600,6.9,5.6,6.3,10.9
2.625,7.0,5.5,6.3,10.9
2.650,7.0,5.5,6.3,10.9
2.675,7.0,5.5,6.3,10.9
2.700,7.0,5.5,6.3,10.9
2.725,6.8,5.7,6.3,10.9
2.750,6.8,5.7,6.3,10.9
2.775,6.8,5.7,6.3,10.9
2.800,6.9,6.2,6.2,11.1
2.825,6.9,6.2,6.2,11.1
2.850,6.9,6.2,6.2,11.1
2.875,6.8,7.0,6.2,11.6
2.900,6.8,7.0,6.2,11.6
2.925,6.8,7.0,6.2,11.6
2.950,6.8,7.0,6.2,11.6
2.975,6.8,7.3,6.1,11.7
3.000,6.8,7.3,6.1,11.7
3.025,6.8,7.3,6.1,11.7
3.050,6.8,7.3,6.1,11.7
3.075,6.9,7.1,6.1,11.6
3.100,6.9,7.1,6.1,11.6
3.125,6.9,7.1,6.1,11.6
3.150,6.9,7.1,6.1,11.6
3.175,6.8,6.4,6.0,11.2
3.200,6.8,6.4,6.0,11.2
3.225,6.8,6.4,6.0,11.2
3.250,6.8,6.4,6.0,11.2
3.275,6.8,6.0,6.1,10.9
3.300,6.8,5.7,6.1,10.8
3.325,6.8,5.7,6.1,10.8
3.350,6.8,5.7,6.1,10.8
3.375,6.8,5.7,6.1,10.8
3.400,6.8,5.8,6.1,10.8
3.425,6.8,5.8,6.1,10.8
3.450,6.8,5.8,6.1,10.8
3.475,6.8,5.8,6.1,10.8
3.500,6.8,6.2,6.2,11.1
3.525,6.8,6.2,6.2,11.1
3.550,6.8,6.2,6.2,11.1
3.575,6.8,6.5,6.2,11.3
3.600,6.8,6.5,6.2,11.3
3.625,6.8,6.5,6.2,11.3
3.650,6.9,7.1,6.2,11.7
3.675,6.9,7.1,6.2,11.7
3.700,6.9,7.1,6.2,11.7
3.725,6.9,7.2,6.3,11.8
3.750,6.9,7.2,6.3,11.8
3.775,6.9,7.2,6.3,11.8
3.800,6.9,7.0,6.3,11.6
3.825,6.9,7.0,6.3,11.6
3.850,6.9,7.0,6.3,11.6
3.875,6.9,6.3,6.3,11.3
3.900,6.9,6.3,6.3,11.3
3.925,6.9,6.3,6.3,11.3
3.950,6.9,6.3,6.3,11.3
3.975,6.9,5.8,6.3,11.0
4.000,6.9,5.8,6.3,11.0
4.025,6.9,5.8,6.3,11.0
4.050,6.9,5.8,6.3,11.0
4.075,6.9,5.6,6.3,10.9
4.100,6.9,5.6,6.3,10.9
4.125,6.9,5.6,6.3,10.9
4.150,6.9,5.6,6.3,10.9
4.175,6.9,5.9,6.3,11.0
4.200,6.9,5.9,6.3,11.0
4.225,6.9,5.9,6.3,11.0
4.250,6.9,5.9,6.3,11.0
4.275,6.9,6.5,6.2,11.3
4.300,6.9,6.5,6.2,11.3
4.325,6.9,6.5,6.2,11.3
4.350,6.9,6.5,6.2,11.3
4.375,6.9,7.1,6.2,11.6
4.400,6.9,7.1,6.2,11.6
4.425,6.9,7.1,6.2,11.6
4.450,6.9,7.1,6.2,11.6
4.475,6.8,7.1,6.1,11.6
4.500,6.8,7.1,6.1,11.6
4.525,6.8,7.1,6.1,11.6
4.550,6.8,7.1,6.1,11.6
4.575,6.9,7.0,6.1,11.5
4.600,6.9,7.0,6.1,11.5
4.625,6.8,6.4,6.1,11.2
4.650,6.8,6.4,6.1,11.2
4.675,6.8,6.4,6.1,11.2
4.700,6.8,6.4,6.1,11.2
4.725,6.8,5.8,6.0,10.8
4.750,6.8,5.8,6.0,10.8
4.775,6.8,5.8,6.0,10.8
4.800,6.8,5.8,6.0,10.8
4.825,6.8,5.7,6.1,10.8
4.850,6.8,5.7,6.1,10.8
4.875,6.8,5.7,6.1,10.8
4.900,6.8,5.7,6.1,10.8
4.925,6.8,5.8,6.1,10.8
4.950,6.8,5.8,6.1,10.8
4.975,6.8,6.4,6.2,11.2
5.000,6.8,6.4,6.2,11.2
5.025,6.8,6.4,6.2,11.2
5.050,6.8,6.4,6.2,11.2
5.075,6.8,6.8,6.2,11.5
5.100,6.8,6.8,6.2,11.5
5.125,6.8,6.8,6.2,11.5
5.150,6.8,7.1,6.3,11.7
5.175,6.8,7.1,6.3,11.7
5.200,6.8,7.1,6.3,11.7
5.225,6.8,7.1,6.3,11.7
5.250,6.9,6.8,6.3,11.5
5.275,6.9,6.8,6.3,11.5
5.300,6.9,6.8,6.3,11.5
5.325,6.9,6.8,6.3,11.5
5.350,6.9,6.2,6.3,11.3
5.375,6.9,6.2,6.3,11.3
5.400,6.9,6.2,6.3,11.3
5.425,6.9,6.2,6.3,11.3
5.450,6.9,5.8,6.3,11.0
5.475,6.9,5.8,6.3,11.0
5.500,6.9,5.8,6.3,11.0
5.525,6.9,5.8,6.3,11.0
5.550,6.8,5.6,6.3,10.9
5.575,6.8,5.6,6.3,10.9
5.600,6.8,5.6,6.3,10.9
5.625,6.9,5.9,6.2,11.0
5.650,6.9,5.9,6.2,11.0
5.675,6.9,5.9,6.2,11.0
5.700,6.9,5.9,6.2,11.0
5.725,6.8,6.4,6.2,11.2
5.750,6.8,6.4,6.2,11.2
5.775,6.8,6.4,6.2,11.2
5.800,6.8,6.9,6.2,11.5
5.825,6.8,6.9,6.2,11.5
5.850,6.8,6.9,6.2,11.5
5.875,6.8,6.9,6.2,11.5
5.900,6.8,7.0,6.1,11.5
5.925,6.8,7.0,6.1,11.5
5.950,6.8,7.0,6.1,11.5
5.975,6.8,7.0,6.1,11.5
6.000,6.9,6.8,6.1,11.4
6.025,6.9,6.8,6.1,11.4
6.050,6.9,6.8,6.1,11.4
6.075,6.9,6.8,6.1,11.4
6.100,6.8,6.3,6.1,11.1
6.125,6.8,6.3,6.1,11.1
6.150,6.8,6.3,6.1,11.1
6.175,6.8,6.3,6.1,11.1
6.200,6.9,5.8,6.1,10.9
6.225,6.9,5.8,6.1,10.9
6.250,6.9,5.8,6.1,10.9
6.275,6.8,5.8,6.1,10.8
6.300,6.8,5.8,6.1,10.8
6.325,6.8,5.8,6.1,10.8
6.350,6.8,5.8,6.1,10.8
6.375,6.8,5.9,6.1,10.9
6.400,6.8,5.9,6.1,10.9
6.425,6.8,6.4,6.2,11.2
6.450,6.8,6.4,6.2,11.2
6.475,6.8,6.4,6.2,11.2
6.500,6.8,6.4,6.2,11.2
6.525,6.9,6.7,6.2,11.5
6.550,6.9,6.7,6.2,11.5
6.575,6.9,6.7,6.2,11.5
6.600,6.8,6.9,6.2,11.5
6.625,6.8,6.9,6.2,11.5
6.650,6.9,7.0,6.3,11.6
6.675,6.9,7.0,6.3,11.6
6.700,6.9,7.0,6.3,11.6
6.725,6.9,7.0,6.3,11.6
6.750,6.9,6.6,6.3,11.4
6.775,6.9,6.6,6.3,11.4
6.800,6.9,6.6,6.3,11.4
6.825,6.8,6.4,6.3,11.3
6.850,6.8,6.4,6.3,11.3
6.875,6.9,5.9,6.3,11.0
6.900,6.9,5.9,6.3,11.0
6.925,6.9,5.9,6.3,11.0
6.950,6.9,5.7,6.3,10.9
6.975,6.9,5.7,6.3,10.9
7.000,6.9,5.7,6.3,10.9
7.025,6.9,5.7,6.3,10.9
7.050,6.9,5.8,6.3,11.0
7.075,6.9,5.8,6.3,11.0
7.100,6.9,5.8,6.3,11.0
7.125,6.9,5.8,6.3,11.0
7.150,6.9,6.2,6.2,11.2
7.175,6.9,6.2,6.2,11.2
7.200,6.9,6.2,6.2,11.2
7.225,6.9,6.5,6.2,11.3
7.250,6.9,6.5,6.2,11.3
7.275,6.9,6.5,6.2,11.3
7.300,6.9,6.9,6.2,11.5
7.325,6.9,6.9,6.2,11.5
7.350,6.9,6.9,6.2,11.5
7.375,6.9,6.9,6.2,11.5
7.400,6.8,6.9,6.1,11.5
7.425,6.8,6.9,6.1,11.5
7.450,6.8,6.9,6.1,11.5
7.475,6.8,6.5,6.1,11.3
7.500,6.8,6.5,6.1,11.3
7.525,6.8,6.5,6.1,11.3
7.550,6.8,6.5,6.1,11.3
7.575,6.8,6.0,6.1,11.0
7.600,6.8,6.0,6.1,11.0
7.625,6.8,6.0,6.1,11.0
7.650,6.8,6.0,6.1,11.0
7.675,6.8,5.7,6.2,10.8
7.700,6.8,5.7,6.2,10.8
7.725,6.8,5.7,6.2,10.8
7.750,6.8,5.7,6.2,10.8
7.775,6.8,5.9,6.1,10.9
7.800,6.8,5.9,6.1,10.9
7.825,6.8,5.9,6.1,10.9
7.850,6.8,5.9,6.1,10.9
7.875,6.8,6.1,6.1,11.0
7.900,6.8,6.1,6.1,11.0
7.925,6.8,6.1,6.1,11.0
7.950,6.8,6.6,6.2,11.3
7.975,6.8,6.6,6.2,11.3
8.000,6.8,6.6,6.2,11.3
8.025,6.8,6.6,6.2,11.3
8.050,6.8,6.9,6.2,11.5
8.075,6.8,6.9,6.2,11.5
8.100,6.8,6.9,6.2,11.5
8.125,6.8,6.9,6.2,11.5
8.150,6.8,6.7,6.2,11.4
8.175,6.8,6.7,6.2,11.4
8.200,6.8,6.7,6.2,11.4
8.225,6.8,6.7,6.2,11.4
8.250,6.9,6.3,6.3,11.3
8.275,6.9,6.3,6.3,11.3
8.300,6.9,6.3,6.3,11.3
8.325,6.9,5.9,6.3,11.1
8.350,6.9,5.9,6.3,11.1
8.375,6.9,5.9,6.3,11.1
8.400,6.9,5.9,6.3,11.1
8.425,6.9,5.7,6.3,10.9
8.450,6.9,5.7,6.3,10.9
8.475,6.9,5.7,6.3,10.9
8.500,6.9,5.7,6.3,10.9
8.525,6.9,5.9,6.2,11.0
8.550,6.9,5.9,6.2,11.0
8.575,6.9,5.9,6.2,11.0
8.600,6.9,5.9,6.2,11.0
8.625,6.9,6.4,6.2,11.3
8.650,6.9,6.4,6.2,11.3
8.675,6.9,6.4,6.2,11.3
8.700,6.9,6.4,6.2,11.3
8.725,6.9,6.8,6.2,11.5
8.750,6.9,6.8,6.2,11.5
8.775,6.9,6.8,6.2,11.5
8.800,6.8,6.9,6.1,11.4
8.825,6.8,6.9,6.1,11.4
8.850,6.8,6.9,6.1,11.4
8.875,6.8,6.9,6.1,11.4
8.900,6.9,6.7,6.2,11.4
8.925,6.9,6.7,6.2,11.4
8.950,6.9,6.7,6.2,11.4
8.975,6.9,6.7,6.2,11.4
9.000,6.8,6.1,6.1,11.0
9.025,6.8,6.1,6.1,11.0
9.050,6.8,6.1,6.1,11.0
9.075,6.8,6.1,6.1,11.0
9.100,6.8,5.9,6.1,10.9
9.125,6.8,5.9,6.1,10.9
9.150,6.8,5.8,6.1,10.8
9.175,6.8,5.8,6.1,10.8
9.200,6.8,5.8,6.1,10.8
9.225,6.8,5.8,6.1,10.8
9.250,6.8,6.0,6.1,11.0
9.275,6.8,6.0,6.1,11.0
9.300,6.8,6.0,6.1,11.0
9.325,6.8,6.0,6.1,11.0
9.350,6.9,6.5,6.2,11.3
9.375,6.9,6.5,6.2,11.3
9.400,6.9,6.5,6.2,11.3
9.425,6.9,6.5,6.2,11.3
9.450,6.8,6.8,6.2,11.4
9.475,6.8,6.8,6.2,11.4
9.500,6.8,6.8,6.2,11.4
9.525,6.8,6.8,6.2,11.4
9.550,6.8,6.8,6.2,11.5
9.575,6.8,6.8,6.2,11.5
9.600,6.8,6.8,6.2,11.5
9.625,6.9,6.5,6.2,11.3
9.650,6.9,6.5,6.2,11.3
9.675,6.9,6.5,6.2,11.3
9.700,6.9,6.5,6.2,11.3
9.725,6.8,6.0,6.3,11.1
9.750,6.8,6.0,6.3,11.1
9.775,6.8,6.0,6.3,11.1
9.800,6.8,6.0,6.3,11.1
9.825,6.9,5.8,6.3,11.0
9.850,6.9,5.8,6.3,11.0
9.875,6.9,5.8,6.3,11.0
9.900,6.9,5.8,6.3,11.0
9.925,6.9,5.8,6.3,10.9
9.950,6.9,5.8,6.3,10.9
9.975,6.9,5.8,6.3,10.9
10.000,6.9,5.8,6.3,10.9
10.025,6.9,6.2,6.3,11.2
10.050,6.9,6.2,6.3,11.2
10.075,6.9,6.2,6.3,11.2
10.100,6.9,6.2,6.3,11.2
10.125,6.9,6.6,6.2,11.3
10.150,6.9,6.6,6.2,11.3
10.175,6.9,6.6,6.2,11.3
10.200,6.9,6.6,6.2,11.3
10.225,6.8,6.8,6.1,11.4
10.250,6.8,6.8,6.1,11.4
10.275,6.8,6.8,6.1,11.4
10.300,6.8,6.7,6.2,11.4
10.325,6.8,6.7,6.2,11.4
10.350,6.8,6.7,6.2,11.4
10.375,6.8,6.7,6.2,11.4
10.400,6.8,6.6,6.1,11.3
10.425,6.8,6.6,6.1,11.3
10.450,6.8,6.2,6.1,11.1
10.475,6.8,6.2,6.1,11.1
10.500,6.8,6.2,6.1,11.1
10.525,6.8,6.2,6.1,11.1
10.550,6.8,5.8,6.1,10.9
10.575,6.8,5.8,6.1,10.9
10.600,6.8,5.8,6.1,10.9
10.625,6.8,5.8,6.1,10.9
10.650,6.8,5.9,6.1,10.9
10.675,6.8,5.9,6.1,10.9
10.700,6.8,5.9,6.1,10.9
10.725,6.8,6.0,6.1,10.9
10.750,6.8,6.0,6.1,10.9
10.775,6.8,6.0,6.1,10.9
10.800,6.8,6.5,6.2,11.3
10.825,6.8,6.5,6.2,11.3
10.850,6.8,6.5,6.2,11.3
10.875,6.8,6.5,6.2,11.3
10.900,6.8,6.6,6.2,11.4
10.925,6.8,6.6,6.2,11.4
10.950,6.8,6.8,6.2,11.5
10.975,6.8,6.8,6.2,11.5
11.000,6.8,6.8,6.2,11.5
11.025,6.8,6.8,6.2,11.5
11.050,6.9,6.6,6.2,11.4
11.075,6.9,6.6,6.2,11.4
11.100,6.9,6.6,6.2,11.4
11.125,6.8,6.3,6.3,11.2
11.150,6.8,6.3,6.3,11.2
11.175,6.8,6.3,6.3,11.2
11.200,6.8,6.3,6.3,11.2
11.225,6.9,5.8,6.3,11.0
11.250,6.9,5.8,6.3,11.0
11.275,6.9,5.8,6.3,11.0
11.300,6.9,5.8,6.3,11.0
11.325,6.8,5.8,6.3,10.9
11.350,6.8,5.8,6.3,10.9
11.375,6.8,5.8,6.3,10.9
11.400,6.9,5.9,6.3,11.0
11.425,6.9,5.9,6.3,11.0
11.450,6.9,5.9,6.3,11.0
11.475,6.9,5.9,6.3,11.0
11.500,6.8,6.2,6.2,11.1
11.525,6.8,6.2,6.2,11.1
11.550,6.8,6.2,6.2,11.1
11.575,6.8,6.2,6.2,11.1
11.600,6.8,6.7,6.2,11.4
11.625,6.8,6.7,6.2,11.4
11.650,6.8,6.7,6.2,11.4
11.675,6.8,6.7,6.2,11.4
11.700,6.8,6.7,6.2,11.4
11.725,6.8,6.7,6.2,11.4
11.750,6.8,6.7,6.2,11.4
11.775,6.9,6.5,6.1,11.3
11.800,6.9,6.5,6.1,11.3
11.825,6.9,6.5,6.1,11.3
11.850,6.9,6.5,6.1,11.3
11.875,6.8,6.3,6.1,11.1
11.900,6.8,6.3,6.1,11.1
11.925,6.8,6.3,6.1,11.1
11.950,6.8,6.3,6.1,11.1
11.975,6.8,5.9,6.1,10.9
12.000,6.8,5.9,6.1,10.9
12.025,6.8,5.9,6.1,10.9
12.050,6.8,5.9,6.1,10.9
12.075,6.8,5.8,6.1,10.9
12.100,6.8,5.8,6.1,10.9
12.125,6.8,5.9,6.1,10.9
12.150,6.8,5.9,6.1,10.9
12.175,6.8,6.1,6.1,11.0
12.200,6.8,6.1,6.1,11.0
12.225,6.8,6.1,6.1,11.0
12.250,6.8,6.1,6.1,11.0
12.275,6.9,6.5,6.2,11.3
12.300,6.9,6.5,6.2,11.3
12.325,6.9,6.5,6.2,11.3
12.350,6.9,6.7,6.2,11.4
12.375,6.9,6.7,6.2,11.4
12.400,6.9,6.7,6.2,11.4
12.425,6.9,6.7,6.2,11.4
12.450,6.9,6.7,6.2,11.4
12.475,6.9,6.7,6.2,11.4
12.500,6.9,6.7,6.2,11.4
12.525,6.8,6.6,6.2,11.4
12.550,6.8,6.6,6.2,11.4
12.575,6.8,6.6,6.2,11.4
12.600,6.9,6.2,6.3,11.2
12.625,6.9,6.2,6.3,11.2
12.650,6.9,6.2,6.3,11.2
12.675,6.9,6.0,6.3,11.1
12.700,6.9,6.0,6.3,11.1
12.725,6.9,6.0,6.3,11.1
12.750,6.9,5.8,6.3,11.0
12.775,6.9,5.8,6.3,11.0
12.800,6.9,5.8,6.3,11.0
12.825,6.9,5.8,6.3,11.0
12.850,6.8,5.9,6.3,11.0
12.875,6.8,5.9,6.3,11.0
12.900,6.8,5.9,6.3,11.0
12.925,6.8,5.9,6.3,11.0
12.950,6.8,6.0,6.2,11.0
12.975,6.9,6.4,6.2,11.3
13.000,6.9,6.4,6.2,11.3
13.025,6.9,6.4,6.2,11.3
13.050,6.9,6.4,6.2,11.3
13.075,6.8,6.7,6.1,11.4
13.100,6.8,6.7,6.1,11.4
13.125,6.8,6.7,6.1,11.4
13.150,6.8,6.7,6.1,11.4
13.175,6.8,6.7,6.1,11.4
13.200,6.8,6.7,6.1,11.4
13.225,6.8,6.7,6.1,11.4
13.250,6.8,6.7,6.1,11.4
13.275,6.9,6.4,6.1,11.2
13.300,6.9,6.4,6.1,11.2
13.325,6.9,6.4,6.1,11.2
13.350,6.9,6.4,6.1,11.2
13.375,6.8,6.0,6.1,11.0
13.400,6.8,6.0,6.1,11.0
13.425,6.8,6.0,6.1,11.0
13.450,6.8,5.8,6.1,10.9
13.475,6.8,5.8,6.1,10.9
13.500,6.8,5.8,6.1,10.9
13.525,6.8,5.8,6.1,10.9
13.550,6.8,5.9,6.1,10.9
13.575,6.8,5.9,6.1,10.9
13.600,6.8,5.9,6.1,10.9
13.625,6.8,6.2,6.2,11.1
13.650,6.8,6.2,6.2,11.1
13.675,6.8,6.2,6.2,11.1
13.700,6.8,6.2,6.2,11.1
13.725,6.8,6.6,6.2,11.3
13.750,6.8,6.6,6.2,11.3
13.775,6.8,6.6,6.2,11.3
13.800,6.8,6.6,6.2,11.3
13.825,6.9,6.7,6.2,11.4
13.850,6.9,6.7,6.2,11.4
13.875,6.9,6.7,6.2,11.4
13.900,6.9,6.6,6.2,11.4
13.925,6.9,6.6,6.2,11.4
13.950,6.9,6.6,6.2,11.4
13.975,6.9,6.6,6.2,11.4
14.000,6.8,6.2,6.3,11.1
14.025,6.8,6.2,6.3,11.1
14.050,6.8,6.2,6.3,11.1
14.075,6.8,6.2,6.3,11.1
14.100,6.9,5.9,6.3,11.0
14.125,6.9,5.9,6.3,11.0
14.150,6.9,5.9,6.3,11.0
14.175,6.9,5.9,6.3,11.0
14.200,6.9,5.8,6.3,10.9
14.225,6.9,5.8,6.3,10.9
14.250,6.9,5.8,6.3,10.9
14.275,6.8,5.9,6.3,11.0
14.300,6.8,5.9,6.3,11.0
14.325,6.8,5.9,6.3,11.0
14.350,6.8,5.9,6.3,11.0
14.375,6.8,6.2,6.2,11.1
14.400,6.8,6.2,6.2,11.1
14.425,6.8,6.2,6.2,11.1
14.450,6.8,6.4,6.2,11.2
14.475,6.8,6.4,6.2,11.2
14.500,6.8,6.4,6.2,11.2
14.525,6.8,6.4,6.2,11.2
14.550,6.9,6.6,6.2,11.4
14.575,6.9,6.6,6.2,11.4
14.600,6.9,6.6,6.2,11.4
14.625,6.9,6.6,6.2,11.4
14.650,6.8,6.6,6.2,11.3
14.675,6.8,6.6,6.2,11.3
14.700,6.8,6.6,6.2,11.3
14.725,6.8,6.6,6.2,11.3
14.750,6.8,6.2,6.1,11.1
14.775,6.8,6.2,6.1,11.1
14.800,6.8,6.2,6.1,11.1
14.825,6.8,6.2,6.1,11.1
14.850,6.8,6.0,6.1,10.9
14.875,6.8,6.0,6.1,10.9
14.900,6.8,6.0,6.1,10.9
14.925,6.8,6.0,6.1,10.9
14.950,6.8,5.9,6.1,10.9
14.975,6.8,5.9,6.1,10.9
15.000,6.8,5.9,6.1,10.9
15.025,6.8,6.1,6.1,11.0
15.050,6.8,6.1,6.1,11.0
15.075,6.8,6.1,6.1,11.0
15.100,6.8,6.1,6.1,11.0
15.125,6.9,6.3,6.2,11.2
15.150,6.9,6.3,6.2,11.2
15.175,6.9,6.3,6.2,11.2
15.200,6.9,6.5,6.2,11.3
15.225,6.9,6.5,6.2,11.3
15.250,6.9,6.5,6.2,11.3
15.275,6.9,6.5,6.2,11.3
15.300,6.9,6.6,6.2,11.4
15.325,6.9,6.6,6.2,11.4
15.350,6.9,6.6,6.2,11.4
15.375,6.9,6.6,6.2,11.4
15.400,6.9,6.5,6.2,11.4
15.425,6.9,6.5,6.2,11.4
15.450,6.9,6.5,6.2,11.4
15.475,6.9,6.3,6.3,11.2
15.500,6.9,6.3,6.3,11.2
15.525,6.9,6.3,6.3,11.2
15.550,6.9,6.3,6.3,11.2
15.575,6.9,5.9,6.3,11.0
15.600,6.9,5.9,6.3,11.0
15.625,6.9,5.9,6.3,11.0
15.650,6.9,5.9,6.3,11.0
15.675,6.8,5.8,6.3,11.0
15.700,6.8,5.8,6.3,11.0
15.725,6.8,5.8,6.3,11.0
15.750,6.9,6.0,6.2,11.0
15.775,6.9,6.0,6.2,11.0
15.800,6.9,6.0,6.2,11.0
15.825,6.9,6.0,6.2,11.0
15.850,6.9,6.4,6.2,11.2
15.875,6.9,6.4,6.2,11.2
15.900,6.9,6.4,6.2,11.2
15.925,6.9,6.4,6.2,11.2
15.950,6.9,6.5,6.2,11.3
15.975,6.9,6.5,6.2,11.3
16.000,6.9,6.5,6.2,11.3
16.025,6.9,6.5,6.2,11.3
16.050,6.8,6.6,6.2,11.3
16.075,6.8,6.6,6.2,11.3
16.100,6.8,6.6,6.2,11.3
16.125,6.8,6.6,6.2,11.3
16.150,6.8,6.4,6.1,11.2
16.175,6.8,6.4,6.1,11.2
16.200,6.8,6.4,6.1,11.2
16.225,6.8,6.4,6.1,11.2
16.250,6.8,6.0,6.1,11.0
16.275,6.8,6.0,6.1,11.0
16.300,6.8,6.0,6.1,11.0
16.325,6.8,6.0,6.1,11.0
16.350,6.8,5.9,6.1,10.9
16.375,6.8,5.9,6.1,10.9
16.400,6.8,5.9,6.1,10.9
16.425,6.8,5.9,6.1,10.9
16.450,6.8,5.9,6.1,10.9
16.475,6.8,5.9,6.1,10.9
16.500,6.8,6.2,6.2,11.1
16.525,6.8,6.2,6.2,11.1
16.550,6.8,6.2,6.2,11.1
16.575,6.8,6.2,6.2,11.1
16.600,6.9,6.4,6.2,11.2
16.625,6.9,6.4,6.2,11.2
16.650,6.9,6.4,6.2,11.2
16.675,6.9,6.4,6.2,11.2
16.700,6.9,6.5,6.1,11.3
16.725,6.9,6.5,6.1,11.3
16.750,6.9,6.5,6.1,11.3
16.775,6.9,6.5,6.1,11.3
16.800,6.9,6.5,6.2,11.3
16.825,6.9,6.5,6.2,11.3
16.850,6.9,6.5,6.2,11.3
16.875,6.9,6.2,6.3,11.2
16.900,6.9,6.2,6.3,11.2
16.925,6.9,6.2,6.3,11.2
16.950,6.9,6.2,6.3,11.2
16.975,6.9,6.0,6.3,11.1
17.000,6.9,6.0,6.3,11.1
17.025,6.9,6.0,6.3,11.1
17.050,6.9,6.0,6.3,11.1
17.075,6.9,5.9,6.3,11.0
17.100,6.9,5.9,6.3,11.0
17.125,6.9,5.9,6.3,11.0
17.150,6.9,5.9,6.3,11.0
17.175,6.9,5.9,6.3,11.0
17.200,6.9,5.9,6.3,11.0
17.225,6.9,5.9,6.3,11.0
17.250,6.9,5.9,6.3,11.0
17.275,6.9,6.0,6.2,11.1
17.300,6.9,6.4,6.2,11.2
17.325,6.9,6.4,6.2,11.2
17.350,6.9,6.4,6.2,11.2
17.375,6.9,6.4,6.2,11.2
17.400,6.8,6.5,6.2,11.3
17.425,6.8,6.5,6.2,11.3
17.450,6.8,6.5,6.2,11.3
17.475,6.8,6.5,6.2,11.3
17.500,6.9,6.5,6.2,11.3
17.525,6.9,6.5,6.2,11.3
17.550,6.8,6.4,6.1,11.2
17.575,6.8,6.4,6.1,11.2
17.600,6.8,6.4,6.1,11.2
17.625,6.8,6.4,6.1,11.2
17.650,6.9,6.1,6.1,11.1
17.675,6.9,6.1,6.1,11.1
17.700,6.9,6.1,6.1,11.1
17.725,6.9,6.1,6.1,11.1
17.750,6.8,6.0,6.1,10.9
17.775,6.8,6.0,6.1,10.9
17.800,6.8,6.0,6.1,10.9
17.825,6.8,6.0,6.1,10.9
17.850,6.9,5.9,6.1,10.9
17.875,6.9,5.9,6.1,10.9
17.900,6.9,5.9,6.1,10.9
17.925,6.9,5.9,6.1,10.9
17.950,6.9,6.2,6.2,11.1
17.975,6.9,6.2,6.2,11.1
18.000,6.9,6.2,6.2,11.1
18.025,6.9,6.2,6.2,11.1
18.050,6.8,6.4,6.2,11.2
18.075,6.8,6.4,6.2,11.2
18.100,6.8,6.4,6.2,11.2
18.125,6.8,6.4,6.2,11.2
18.150,6.9,6.5,6.2,11.3
18.175,6.9,6.5,6.2,11.3
18.200,6.9,6.5,6.2,11.3
18.225,6.9,6.5,6.2,11.3
18.250,6.9,6.5,6.2,11.3
18.275,6.9,6.5,6.2,11.3
18.300,6.9,6.4,6.2,11.2
18.325,6.9,6.4,6.2,11.2
18.350,6.9,6.4,6.2,11.2
18.375,6.8,6.0,6.3,11.0
18.400,6.8,6.0,6.3,11.0
18.425,6.8,6.0,6.3,11.0
18.450,6.8,6.0,6.3,11.0
18.475,6.9,5.9,6.3,11.0
18.500,6.9,5.9,6.3,11.0
18.525,6.9,5.9,6.3,11.0
18.550,6.9,5.9,6.3,11.0
18.575,6.9,5.9,6.3,11.0
18.600,6.9,5.9,6.3,11.0
18.625,6.9,5.9,6.3,11.0
18.650,6.9,5.9,6.3,11.0
18.675,6.9,6.1,6.2,11.1
18.700,6.9,6.1,6.2,11.1
18.725,6.9,6.1,6.2,11.1
18.750,6.9,6.1,6.2,11.1
18.775,6.9,6.4,6.2,11.2
18.800,6.9,6.4,6.2,11.2
18.825,6.9,6.4,6.2,11.2
18.850,6.9,6.4,6.2,11.2
18.875,6.8,6.5,6.2,11.3
18.900,6.8,6.5,6.2,11.3
18.925,6.8,6.5,6.2,11.3
18.950,6.9,6.5,6.1,11.2
18.975,6.9,6.5,6.1,11.2
19.000,6.9,6.5,6.1,11.2
19.025,6.9,6.5,6.1,11.2
19.050,6.8,6.1,6.1,11.0
19.075,6.8,6.1,6.1,11.0
19.100,6.8,6.1,6.1,11.0
19.125,6.8,6.1,6.1,11.0
19.150,6.9,6.0,6.1,10.9
19.175,6.9,6.0,6.1,10.9
19.200,6.9,6.0,6.1,10.9
19.225,6.9,6.0,6.1,10.9
19.250,6.8,5.9,6.1,10.9
19.275,6.8,5.9,6.1,10.9
19.300,6.8,5.9,6.1,10.9
19.325,6.8,5.9,6.1,10.9
19.350,6.8,6.1,6.1,11.0
19.375,6.8,6.1,6.1,11.0
19.400,6.8,6.1,6.1,11.0
19.425,6.8,6.1,6.1,11.0
19.450,6.8,6.4,6.2,11.2
19.475,6.8,6.4,6.2,11.2
19.500,6.8,6.4,6.2,11.2
19.525,6.8,6.4,6.2,11.2
19.550,6.8,6.5,6.2,11.3
19.575,6.8,6.5,6.2,11.3
19.600,6.8,6.5,6.2,11.3
19.625,6.8,6.5,6.2,11.3
19.650,6.8,6.4,6.2,11.3
19.675,6.8,6.4,6.2,11.3
19.700,6.8,6.4,6.2,11.3
19.725,6.8,6.4,6.2,11.3
19.750,6.8,6.3,6.3,11.2
19.775,6.8,6.3,6.3,11.2
19.800,6.8,6.3,6.3,11.2
19.825,6.8,6.3,6.3,11.2
19.850,6.8,6.0,6.3,11.1
19.875,6.8,6.0,6.3,11.1
19.900,6.8,6.0,6.3,11.1
19.925,6.9,5.9,6.2,11.0
19.950,6.9,5.9,6.2,11.0
19.975,6.9,5.9,6.2,11.0
20.000,6.9,5.9,6.2,11.0
20.025,6.9,5.9,6.3,11.0
20.050,6.9,5.9,6.3,11.0
20.075,6.9,5.9,6.3,11.0
20.100,6.9,6.0,6.2,11.0
20.125,6.9,6.0,6.2,11.0
20.150,6.9,6.2,6.2,11.1
20.175,6.9,6.2,6.2,11.1
20.200,6.9,6.2,6.2,11.1
20.225,6.9,6.2,6.2,11.1
20.250,6.9,6.4,6.2,11.3
20.275,6.9,6.4,6.2,11.3
20.300,6.9,6.4,6.2,11.3
20.325,6.9,6.4,6.2,11.3
20.350,6.9,6.5,6.2,11.3
20.375,6.9,6.5,6.2,11.3
20.400,6.9,6.5,6.2,11.3
20.425,6.9,6.5,6.2,11.3
20.450,6.8,6.3,6.1,11.1
20.475,6.8,6.3,6.1,11.1
20.500,6.8,6.3,6.1,11.1
20.525,6.8,6.3,6.1,11.1
20.550,6.9,6.1,6.1,11.0
20.575,6.9,6.1,6.1,11.0
20.600,6.9,6.1,6.1,11.0
20.625,6.8,6.0,6.1,10.9
20.650,6.8,6.0,6.1,10.9
20.675,6.8,6.0,6.1,10.9
20.700,6.8,6.0,6.1,10.9
20.725,6.8,6.0,6.1,10.9
20.750,6.8,6.0,6.1,10.9
20.775,6.8,6.0,6.1,10.9
20.800,6.9,6.1,6.2,11.0
20.825,6.9,6.1,6.2,11.0
20.850,6.9,6.1,6.2,11.0
20.875,6.9,6.1,6.2,11.0
20.900,6.8,6.2,6.2,11.1
20.925,6.8,6.2,6.2,11.1
20.950,6.8,6.2,6.2,11.1
20.975,6.9,6.4,6.2,11.3
21.000,6.9,6.4,6.2,11.3
21.025,6.9,6.4,6.2,11.3
21.050,6.9,6.4,6.2,11.3
21.075,6.8,6.5,6.2,11.3
21.100,6.8,6.5,6.2,11.3
21.125,6.9,6.4,6.2,11.2
21.150,6.9,6.4,6.2,11.2
21.175,6.9,6.4,6.2,11.2
21.200,6.9,6.4,6.2,11.2
21.225,6.9,6.1,6.2,11.1
21.250,6.9,6.1,6.2,11.1
21.275,6.9,6.1,6.2,11.1
21.300,6.9,6.1,6.2,11.1
21.325,6.9,6.0,6.3,11.1
21.350,6.9,6.0,6.3,11.1
21.375,6.9,6.0,6.3,11.1
21.400,6.9,5.9,6.3,11.0
21.425,6.9,5.9,6.3,11.0
21.450,6.9,5.9,6.3,11.0
21.475,6.9,5.9,6.3,11.0
21.500,6.9,6.0,6.3,11.1
21.525,6.9,6.0,6.3,11.1
21.550,6.9,6.0,6.3,11.1
21.575,6.8,6.3,6.2,11.2
21.600,6.8,6.3,6.2,11.2
21.625,6.8,6.3,6.2,11.2
21.650,6.8,6.3,6.2,11.2
21.675,6.9,6.4,6.2,11.2
21.700,6.9,6.4,6.2,11.2
21.725,6.9,6.4,6.2,11.2
21.750,6.9,6.4,6.2,11.2
21.775,6.9,6.4,6.2,11.3
21.800,6.9,6.4,6.2,11.3
21.825,6.9,6.4,6.2,11.3
21.850,6.9,6.4,6.2,11.3
21.875,6.9,6.4,6.2,11.2
21.900,6.9,6.4,6.2,11.2
21.925,6.9,6.4,6.2,11.2
21.950,6.9,6.4,6.2,11.2
21.975,6.8,6.1,6.1,11.0
22.000,6.8,6.1,6.1,11.0
22.025,6.8,6.1,6.1,11.0
22.050,6.8,6.1,6.1,11.0
22.075,6.8,6.0,6.1,10.9
22.100,6.8,6.0,6.1,10.9
22.125,6.8,6.0,6.1,10.9
22.150,6.8,6.0,6.1,10.9
22.175,6.8,6.0,6.1,10.9
22.200,6.8,6.0,6.1,10.9
22.225,6.8,6.0,6.1,10.9
22.250,6.9,6.1,6.1,11.0
22.275,6.9,6.1,6.1,11.0
22.300,6.9,6.1,6.1,11.0
22.325,6.9,6.1,6.1,11.0
22.350,6.9,6.3,6.2,11.2
22.375,6.9,6.3,6.2,11.2
22.400,6.9,6.3,6.2,11.2
22.425,6.9,6.3,6.2,11.2
22.450,6.9,6.4,6.2,11.3
22.475,6.9,6.4,6.2,11.3
22.500,6.9,6.4,6.2,11.3
22.525,6.9,6.4,6.2,11.3
22.550,6.9,6.4,6.2,11.3
22.575,6.9,6.4,6.2,11.3
22.600,6.9,6.4,6.2,11.3
22.625,6.9,6.3,6.2,11.2
22.650,6.9,6.3,6.2,11.2
22.675,6.9,6.3,6.2,11.2
22.700,6.9,6.3,6.2,11.2
22.725,6.9,6.1,6.3,11.1
22.750,6.9,6.1,6.3,11.1
22.775,6.9,6.1,6.3,11.1
22.800,6.9,5.9,6.2,11.0
22.825,6.9,5.9,6.2,11.0
22.850,6.9,5.9,6.2,11.0
22.875,6.9,5.9,6.2,11.0
22.900,6.9,6.0,6.3,11.0
22.925,6.9,6.0,6.3,11.0
22.950,6.9,6.0,6.3,11.0
22.975,6.9,6.1,6.2,11.1
23.000,6.9,6.1,6.2,11.1
23.025,6.9,6.1,6.2,11.1
23.050,6.9,6.1,6.2,11.1
23.075,6.8,6.4,6.2,11.2
23.100,6.8,6.4,6.2,11.2
23.125,6.8,6.4,6.2,11.2
23.150,6.8,6.4,6.2,11.2
23.175,6.9,6.4,6.2,11.2
23.200,6.9,6.4,6.2,11.2
23.225,6.9,6.4,6.2,11.2
23.250,6.9,6.4,6.1,11.2
23.275,6.9,6.4,6.1,11.2
23.300,6.9,6.4,6.1,11.2
23.325,6.9,6.4,6.1,11.2
23.350,6.9,6.3,6.1,11.1
23.375,6.9,6.3,6.1,11.1
23.400,6.9,6.3,6.1,11.1
23.425,6.9,6.3,6.1,11.1
23.450,6.8,6.0,6.1,11.0
23.475,6.8,6.0,6.1,11.0
23.500,6.8,6.0,6.1,11.0
23.525,6.8,6.0,6.1,11.0
23.550,6.8,6.0,6.1,10.9
23.575,6.8,6.0,6.1,10.9
23.600,6.8,6.0,6.1,10.9
23.625,6.8,6.0,6.1,10.9
23.650,6.8,6.0,6.1,10.9
23.675,6.8,6.0,6.1,10.9
23.700,6.8,6.0,6.1,10.9
23.725,6.8,6.0,6.2,11.0
23.750,6.8,6.0,6.2,11.0
23.775,6.8,6.2,6.2,11.1
23.800,6.8,6.2,6.2,11.1
23.825,6.8,6.2,6.2,11.1
23.850,6.8,6.2,6.2,11.1
23.875,6.9,6.4,6.2,11.3
23.900,6.9,6.4,6.2,11.3
23.925,6.9,6.4,6.2,11.3
23.950,6.9,6.4,6.2,11.3
23.975,6.9,6.4,6.2,11.2
24.000,6.9,6.4,6.2,11.2
24.025,6.9,6.4,6.2,11.2
24.050,6.9,6.4,6.2,11.2
24.075,6.9,6.2,6.2,11.2
24.100,6.9,6.2,6.2,11.2
24.125,6.9,6.2,6.2,11.2
24.150,6.9,6.2,6.2,11.2
24.175,6.8,6.1,6.2,11.1
24.200,6.8,6.1,6.2,11.1
24.225,6.8,6.1,6.2,11.1
24.250,6.8,6.1,6.2,11.1
24.275,6.9,5.9,6.3,11.0
24.300,6.9,5.9,6.3,11.0
24.325,6.9,5.9,6.3,11.0
24.350,6.9,5.9,6.3,11.0
24.375,6.9,6.0,6.2,11.1
24.400,6.9,6.0,6.2,11.1
24.425,6.9,6.0,6.2,11.1
24.450,6.8,6.2,6.2,11.1
24.475,6.8,6.2,6.2,11.1
24.500,6.8,6.2,6.2,11.1
24.525,6.8,6.2,6.2,11.1
24.550,6.8,6.3,6.2,11.2
24.575,6.8,6.3,6.2,11.2
24.600,6.8,6.3,6.2,11.2
24.625,6.8,6.3,6.2,11.2
24.650,6.8,6.4,6.1,11.2
24.675,6.8,6.4,6.1,11.2
24.700,6.8,6.4,6.1,11.2
24.725,6.8,6.4,6.1,11.2
24.750,6.8,6.3,6.2,11.2
24.775,6.8,6.3,6.2,11.2
24.800,6.8,6.3,6.1,11.1
24.825,6.8,6.3,6.1,11.1
24.850,6.8,6.3,6.1,11.1
24.875,6.9,6.1,6.1,11.0
24.900,6.9,6.1,6.1,11.0
24.925,6.9,6.1,6.1,11.0
24.950,6.9,6.1,6.1,11.0
24.975,6.8,6.0,6.1,11.0
25.000,6.8,6.0,6.1,11.0
25.025,6.8,6.0,6.1,11.0
25.050,6.8,6.0,6.1,11.0
25.075,6.8,6.0,6.2,11.0
25.100,6.8,6.0,6.2,11.0
25.125,6.8,6.0,6.2,11.0
25.150,6.8,6.0,6.2,11.0
25.175,6.8,6.1,6.1,11.0
25.200,6.8,6.1,6.1,11.0
25.225,6.8,6.1,6.1,11.0
25.250,6.9,6.3,6.2,11.2
25.275,6.9,6.3,6.2,11.2
25.300,6.9,6.4,6.2,11.2
25.325,6.9,6.4,6.2,11.2
25.350,6.9,6.4,6.2,11.2
25.375,6.9,6.4,6.2,11.2
25.400,6.9,6.4,6.2,11.2
25.425,6.9,6.4,6.2,11.2
25.450,6.9,6.4,6.2,11.2
25.475,6.9,6.4,6.2,11.2
25.500,6.9,6.3,6.2,11.2
25.525,6.9,6.2,6.2,11.2
25.550,6.9,6.2,6.2,11.2
25.575,6.9,6.2,6.2,11.2
25.600,6.9,6.2,6.2,11.2
25.625,6.9,6.0,6.2,11.1
25.650,6.9,6.0,6.2,11.1
25.675,6.9,6.0,6.2,11.1
25.700,6.9,6.0,6.2,11.1
25.725,6.9,6.0,6.2,11.0
25.750,6.9,6.0,6.2,11.0
25.775,6.9,6.0,6.2,11.0
25.800,6.9,6.0,6.2,11.0
25.825,6.8,6.1,6.2,11.0
25.850,6.8,6.1,6.2,11.0
25.875,6.8,6.1,6.2,11.0
25.900,6.8,6.1,6.2,11.0
25.925,6.9,6.1,6.2,11.1
25.950,6.9,6.1,6.2,11.1
25.975,6.8,6.3,6.2,11.2
26.000,6.8,6.3,6.2,11.2
26.025,6.8,6.3,6.2,11.2
26.050,6.8,6.3,6.2,11.2
26.075,6.9,6.4,6.2,11.2
26.100,6.9,6.4,6.2,11.2
26.125,6.9,6.4,6.2,11.2
26.150,6.8,6.3,6.2,11.2
26.175,6.8,6.3,6.2,11.2
26.200,6.8,6.3,6.2,11.2
26.225,6.8,6.3,6.2,11.2
26.250,6.9,6.2,6.1,11.1
26.275,6.9,6.2,6.1,11.1
26.300,6.9,6.2,6.1,11.1
26.325,6.9,6.2,6.1,11.1
26.350,6.8,6.0,6.1,11.0
26.375,6.8,6.0,6.1,11.0
26.400,6.8,6.0,6.1,11.0
26.425,6.8,6.0,6.1,11.0
26.450,6.8,6.0,6.1,11.0
26.475,6.8,6.0,6.1,11.0
26.500,6.8,6.0,6.1,11.0
26.525,6.8,6.0,6.1,11.0
26.550,6.8,6.0,6.1,11.0
26.575,6.8,6.0,6.1,11.0
26.600,6.8,6.0,6.1,11.0
26.625,6.9,6.1,6.2,11.1
26.650,6.9,6.1,6.2,11.1
26.675,6.9,6.2,6.2,11.1
26.700,6.9,6.2,6.2,11.1
26.725,6.9,6.2,6.2,11.1
26.750,6.9,6.3,6.2,11.2
26.775,6.9,6.3,6.2,11.2
26.800,6.9,6.3,6.2,11.2
26.825,6.9,6.3,6.2,11.2
26.850,6.9,6.3,6.2,11.2
26.875,6.9,6.3,6.2,11.2
26.900,6.9,6.3,6.2,11.2
26.925,6.9,6.3,6.2,11.2
26.950,6.9,6.2,6.2,11.2
26.975,6.9,6.2,6.2,11.2
27.000,6.9,6.2,6.2,11.2
27.025,6.9,6.1,6.2,11.1
27.050,6.9,6.1,6.2,11.1
27.075,6.9,6.1,6.2,11.1
27.100,6.9,6.1,6.2,11.1
27.125,6.9,6.0,6.3,11.1
27.150,6.9,6.0,6.3,11.1
27.175,6.9,6.0,6.3,11.1
27.200,6.9,6.0,6.3,11.1
27.225,6.8,6.0,6.2,11.0
27.250,6.8,6.0,6.2,11.0
27.275,6.8,6.0,6.2,11.0
27.300,6.9,6.2,6.2,11.1
27.325,6.9,6.2,6.2,11.1
27.350,6.9,6.2,6.2,11.1
27.375,6.9,6.2,6.2,11.1
27.400,6.9,6.3,6.2,11.2
27.425,6.9,6.3,6.2,11.2
27.450,6.9,6.3,6.2,11.2
27.475,6.9,6.3,6.2,11.2
27.500,6.9,6.3,6.2,11.2
27.525,6.9,6.3,6.2,11.2
27.550,6.9,6.3,6.2,11.2
27.575,6.9,6.3,6.2,11.2
27.600,6.8,6.3,6.2,11.1
27.625,6.8,6.3,6.2,11.1
27.650,6.8,6.3,6.2,11.1
27.675,6.8,6.3,6.2,11.1
27.700,6.8,6.1,6.1,11.0
27.725,6.8,6.1,6.1,11.0
27.750,6.8,6.1,6.1,11.0
27.775,6.8,6.1,6.1,11.0
27.800,6.8,6.0,6.1,11.0
27.825,6.8,6.0,6.1,11.0
27.850,6.8,6.0,6.1,11.0
27.875,6.8,6.0,6.1,11.0
27.900,6.8,6.0,6.1,11.0
27.925,6.8,6.0,6.1,11.0
27.950,6.8,6.0,6.1,11.0
27.975,6.8,6.0,6.1,11.0
28.000,6.8,6.1,6.2,11.0
28.025,6.8,6.1,6.2,11.0
28.050,6.8,6.1,6.2,11.0
28.075,6.8,6.1,6.2,11.0
28.100,6.8,6.2,6.2,11.1
28.125,6.8,6.2,6.2,11.1
28.150,6.8,6.2,6.2,11.1
28.175,6.8,6.2,6.2,11.1
28.200,6.8,6.3,6.2,11.2
28.225,6.8,6.3,6.2,11.2
28.250,6.8,6.3,6.2,11.2
28.275,6.9,6.3,6.2,11.2
28.300,6.9,6.3,6.2,11.2
28.325,6.9,6.3,6.2,11.2
28.350,6.9,6.3,6.2,11.2
28.375,6.9,6.2,6.2,11.2
28.400,6.9,6.2,6.2,11.2
28.425,6.9,6.2,6.2,11.2
28.450,6.9,6.2,6.2,11.2
28.475,6.9,6.1,6.3,11.1
28.500,6.9,6.1,6.3,11.1
28.525,6.9,6.1,6.3,11.1
28.550,6.9,6.1,6.3,11.1
28.575,6.9,6.0,6.2,11.0
28.600,6.9,6.0,6.2,11.0
28.625,6.9,6.0,6.2,11.0
28.650,6.9,6.0,6.2,11.0
28.675,6.9,6.1,6.3,11.1
28.700,6.9,6.1,6.3,11.1
28.725,6.9,6.1,6.3,11.1
28.750,6.9,6.1,6.3,11.1
28.775,6.8,6.1,6.2,11.1
28.800,6.8,6.1,6.2,11.1
28.825,6.8,6.1,6.2,11.1
28.850,6.8,6.2,6.2,11.1
28.875,6.8,6.2,6.2,11.1
28.900,6.8,6.2,6.2,11.1
28.925,6.8,6.2,6.2,11.1
28.950,6.9,6.3,6.2,11.2
28.975,6.9,6.3,6.2,11.2
29.000,6.9,6.3,6.2,11.2
29.025,6.9,6.3,6.2,11.2
29.050,6.9,6.3,6.2,11.2
29.075,6.9,6.3,6.2,11.2
29.100,6.9,6.3,6.2,11.2
29.125,6.8,6.2,6.1,11.1
29.150,6.8,6.2,6.1,11.1
29.175,6.8,6.2,6.1,11.1
29.200,6.8,6.2,6.1,11.1
29.225,6.8,6.1,6.2,11.0
29.250,6.8,6.1,6.2,11.0
29.275,6.8,6.1,6.2,11.0
29.300,6.8,6.0,6.1,11.0
29.325,6.8,6.0,6.1,11.0
29.350,6.8,6.0,6.1,11.0
29.375,6.9,6.0,6.2,11.0
29.400,6.9,6.0,6.2,11.0
29.425,6.9,6.0,6.2,11.0
29.450,6.9,6.0,6.2,11.0
29.475,6.9,6.2,6.1,11.1
29.500,6.9,6.2,6.1,11.1
29.525,6.9,6.2,6.1,11.1
29.550,6.9,6.2,6.1,11.1
29.575,6.8,6.3,6.2,11.2
29.600,6.8,6.3,6.2,11.2
29.625,6.8,6.3,6.2,11.2
29.650,6.9,6.3,6.2,11.2
29.675,6.9,6.3,6.2,11.2
29.700,6.9,6.3,6.2,11.2
29.725,6.9,6.3,6.2,11.2
29.750,6.8,6.3,6.2,11.2
29.775,6.8,6.3,6.2,11.2
29.800,6.8,6.3,6.2,11.2
29.825,6.8,6.3,6.2,11.2
29.850,6.8,6.1,6.2,11.1
29.875,6.8,6.1,6.2,11.1
29.900,6.8,6.1,6.2,11.1
29.925,6.8,6.1,6.2,11.1
29.950,6.9,6.0,6.2,11.0
29.975,6.9,6.0,6.2,11.0
30.000,6.9,6.0,6.2,11.0
30.025,6.9,6.0,6.2,11.0
30.050,6.9,5.9,6.2,11.0
30.075,6.9,5.9,6.2,11.0
30.100,6.9,5.9,6.2,11.0
30.125,6.9,6.0,6.3,11.1
30.150,6.9,6.0,6.3,11.1
30.175,6.9,6.0,6.3,11.1
30.200,6.9,6.0,6.3,11.1
30.225,6.8,6.1,6.2,11.1
30.250,6.8,6.1,6.2,11.1
30.275,6.9,6.2,6.2,11.1
30.300,6.9,6.2,6.2,11.1
30.325,6.9,6.2,6.2,11.1
30.350,6.9,6.2,6.2,11.1
30.375,6.8,6.3,6.2,11.1
30.400,6.8,6.3,6.2,11.1
30.425,6.8,6.3,6.2,11.1
30.450,6.8,6.3,6.2,11.1
30.475,6.8,6.3,6.1,11.1
30.500,6.8,6.3,6.1,11.1
30.525,6.8,6.3,6.1,11.1
30.550,6.8,6.3,6.1,11.1
30.575,6.8,6.1,6.1,11.0
30.600,6.8,6.1,6.1,11.0
30.625,6.8,6.1,6.1,11.0
30.650,6.8,6.1,6.1,11.0
30.675,6.9,6.0,6.1,11.0
30.700,6.9,6.0,6.1,11.0
30.725,6.9,6.0,6.1,11.0
30.750,6.9,6.0,6.1,11.0
30.775,6.8,6.0,6.1,11.0
30.800,6.8,6.0,6.1,11.0
30.825,6.8,6.0,6.1,11.0
30.850,6.8,6.0,6.1,11.0
30.875,6.9,6.1,6.2,11.1
30.900,6.9,6.1,6.2,11.1
30.925,6.9,6.1,6.2,11.1
30.950,6.9,6.1,6.2,11.1
30.975,6.9,6.2,6.2,11.1
31.000,6.9,6.2,6.2,11.1
31.025,6.9,6.2,6.2,11.1
31.050,6.8,6.3,6.2,11.2
31.075,6.8,6.3,6.2,11.2
31.100,6.8,6.3,6.2,11.2
31.125,6.8,6.3,6.2,11.2
31.150,6.9,6.3,6.2,11.2
31.175,6.9,6.3,6.2,11.2
31.200,6.9,6.3,6.2,11.2
31.225,6.9,6.3,6.2,11.2
31.250,6.9,6.2,6.2,11.1
31.275,6.9,6.2,6.2,11.1
31.300,6.9,6.2,6.2,11.1
31.325,6.9,6.2,6.2,11.1
31.350,6.8,6.1,6.2,11.1
31.375,6.8,6.1,6.2,11.1
31.400,6.8,6.1,6.2,11.1
31.425,6.8,6.1,6.2,11.1
31.450,6.8,6.0,6.2,11.0
31.475,6.8,6.0,6.2,11.0
31.500,6.8,6.0,6.2,11.0
31.525,6.8,6.0,6.2,11.0
31.550,6.9,6.0,6.2,11.0
31.575,6.9,6.0,6.2,11.0
31.600,6.9,6.0,6.2,11.0
31.625,6.9,6.0,6.2,11.0
31.650,6.9,6.1,6.2,11.1
31.675,6.9,6.1,6.2,11.1
31.700,6.9,6.1,6.2,11.1
31.725,6.9,6.1,6.2,11.1
31.750,6.8,6.2,6.2,11.1
31.775,6.8,6.2,6.2,11.1
31.800,6.8,6.2,6.2,11.1
31.825,6.9,6.3,6.2,11.2
31.850,6.9,6.3,6.2,11.2
31.875,6.9,6.3,6.2,11.2
31.900,6.9,6.3,6.2,11.2
31.925,6.8,6.2,6.2,11.1
31.950,6.8,6.2,6.2,11.1
31.975,6.8,6.2,6.2,11.1
32.000,6.9,6.2,6.2,11.1
32.025,6.9,6.2,6.2,11.1
32.050,6.8,6.1,6.1,11.0
32.075,6.8,6.1,6.1,11.0
32.100,6.8,6.1,6.1,11.0
32.125,6.8,6.1,6.1,11.0
32.150,6.9,6.0,6.1,11.0
32.175,6.9,6.0,6.1,11.0
32.200,6.9,6.0,6.1,11.0
32.225,6.9,6.0,6.1,11.0
32.250,6.8,6.0,6.1,11.0
32.275,6.8,6.0,6.1,11.0
32.300,6.8,6.0,6.1,11.0
32.325,6.8,6.0,6.1,11.0
32.350,6.8,6.1,6.2,11.1
32.375,6.8,6.1,6.2,11.1
32.400,6.8,6.1,6.2,11.1
32.425,6.8,6.1,6.2,11.1
32.450,6.8,6.2,6.1,11.1
32.475,6.8,6.2,6.1,11.1
32.500,6.8,6.2,6.1,11.1
32.525,6.8,6.3,6.2,11.1
32.550,6.8,6.3,6.2,11.1
32.575,6.9,6.2,6.2,11.2
32.600,6.9,6.2,6.2,11.2
32.625,6.9,6.2,6.2,11.2
32.650,6.9,6.2,6.2,11.2
32.675,6.9,6.2,6.2,11.2
32.700,6.9,6.2,6.2,11.2
32.725,6.9,6.2,6.2,11.2
32.750,6.9,6.2,6.2,11.2
32.775,6.8,6.1,6.2,11.0
32.800,6.8,6.1,6.2,11.0
32.825,6.8,6.1,6.2,11.0
32.850,6.8,6.1,6.2,11.0
32.875,6.9,6.0,6.2,11.0
32.900,6.9,6.0,6.2,11.0
32.925,6.9,6.0,6.2,11.0
32.950,6.9,6.0,6.2,11.0
32.975,6.8,6.0,6.3,11.1
33.000,6.8,6.0,6.3,11.1
33.025,6.8,6.0,6.3,11.1
33.050,6.8,6.0,6.3,11.1
33.075,6.8,6.1,6.2,11.0
33.100,6.8,6.1,6.2,11.0
33.125,6.8,6.1,6.2,11.0
33.150,6.9,6.1,6.2,11.1
33.175,6.9,6.1,6.2,11.1
33.200,6.9,6.1,6.2,11.1
33.225,6.9,6.1,6.2,11.1
33.250,6.9,6.2,6.2,11.1
33.275,6.9,6.2,6.2,11.1
33.300,6.9,6.2,6.2,11.1
33.325,6.9,6.2,6.2,11.1
33.350,6.8,6.2,6.2,11.1
33.375,6.8,6.2,6.2,11.1
33.400,6.8,6.2,6.2,11.1
33.425,6.8,6.2,6.2,11.1
33.450,6.8,6.2,6.2,11.1
33.475,6.8,6.2,6.2,11.1
33.500,6.8,6.2,6.2,11.1
33.525,6.9,6.1,6.2,11.1
33.550,6.9,6.1,6.2,11.1
33.575,6.8,6.0,6.1,11.0
33.600,6.8,6.0,6.1,11.0
33.625,6.8,6.0,6.1,11.0
33.650,6.8,6.0,6.1,11.0
33.675,6.8,6.0,6.1,11.0
33.700,6.8,6.0,6.1,11.0
33.725,6.8,6.0,6.1,11.0
33.750,6.8,6.0,6.1,11.0
33.775,6.8,6.1,6.2,11.1
33.800,6.8,6.1,6.2,11.1
33.825,6.8,6.1,6.2,11.1
33.850,6.9,6.1,6.2,11.1
33.875,6.9,6.1,6.2,11.1
33.900,6.9,6.1,6.2,11.1
33.925,6.9,6.2,6.2,11.1
33.950,6.9,6.2,6.2,11.1
33.975,6.9,6.2,6.2,11.1
34.000,6.8,6.2,6.2,11.1
34.025,6.8,6.2,6.2,11.1
34.050,6.8,6.2,6.2,11.1
34.075,6.8,6.2,6.2,11.1
34.100,6.8,6.2,6.2,11.1
34.125,6.8,6.2,6.2,11.1
34.150,6.8,6.2,6.2,11.1
34.175,6.8,6.2,6.2,11.1
34.200,6.9,6.1,6.2,11.1
34.225,6.9,6.1,6.2,11.1
34.250,6.9,6.1,6.2,11.1
34.275,6.9,6.1,6.2,11.1
34.300,6.9,6.1,6.2,11.1
34.325,6.9,6.1,6.2,11.1
34.350,6.9,6.1,6.2,11.1
34.375,6.9,6.1,6.2,11.1
34.400,6.8,6.0,6.2,11.0
34.425,6.8,6.0,6.2,11.0
34.450,6.8,6.0,6.2,11.0
34.475,6.8,6.1,6.2,11.1
34.500,6.8,6.1,6.2,11.1
34.525,6.8,6.1,6.2,11.1
34.550,6.8,6.1,6.2,11.1
34.575,6.9,6.3,6.2,11.2
34.600,6.9,6.3,6.2,11.2
34.625,6.9,6.3,6.2,11.2
34.650,6.9,6.3,6.2,11.2
34.675,6.9,6.3,6.2,11.2
34.700,6.9,6.3,6.2,11.2
34.725,6.9,6.3,6.2,11.2
34.750,6.9,6.2,6.1,11.1
34.775,6.9,6.2,6.1,11.1
34.800,6.9,6.2,6.1,11.1
34.825,6.9,6.2,6.2,11.1
34.850,6.9,6.2,6.2,11.1
34.875,6.9,6.2,6.2,11.1
34.900,6.9,6.2,6.2,11.1
34.925,6.9,6.1,6.1,11.0
34.950,6.9,6.1,6.1,11.0
34.975,6.9,6.1,6.1,11.0
35.000,6.9,6.1,6.1,11.0
35.025,6.9,6.1,6.1,11.0
35.050,6.9,6.1,6.1,11.0
35.075,6.8,6.0,6.1,11.0
35.100,6.8,6.0,6.1,11.0
35.125,6.8,6.0,6.1,11.0
35.150,6.8,6.0,6.1,11.0
35.175,6.9,6.1,6.1,11.0
35.200,6.9,6.1,6.1,11.0
35.225,6.9,6.1,6.1,11.0
35.250,6.9,6.1,6.1,11.0
35.275,6.9,6.1,6.1,11.0
35.300,6.8,6.2,6.2,11.1
35.325,6.8,6.2,6.2,11.1
35.350,6.8,6.2,6.2,11.1
35.375,6.8,6.2,6.2,11.1
35.400,6.8,6.3,6.2,11.1
35.425,6.8,6.3,6.2,11.1
35.450,6.8,6.3,6.2,11.1
35.475,6.8,6.3,6.2,11.1
35.500,6.8,6.2,6.2,11.1
35.525,6.8,6.2,6.2,11.1
35.550,6.8,6.2,6.2,11.1
35.575,6.8,6.2,6.2,11.1
35.600,6.8,6.1,6.3,11.1
35.625,6.8,6.1,6.3,11.1
35.650,6.8,6.1,6.3,11.1
35.675,6.8,6.1,6.3,11.1
35.700,6.9,6.0,6.2,11.1
35.725,6.9,6.0,6.2,11.1
35.750,6.9,6.0,6.2,11.1
35.775,6.8,6.0,6.3,11.1
35.800,6.8,6.0,6.3,11.1
35.825,6.8,6.0,6.3,11.1
35.850,6.8,6.0,6.3,11.1
35.875,6.9,6.1,6.2,11.1
35.900,6.9,6.1,6.2,11.1
35.925,6.9,6.1,6.2,11.1
35.950,6.8,6.1,6.2,11.1
35.975,6.8,6.1,6.2,11.1
36.000,6.8,6.1,6.2,11.1
36.025,6.9,6.1,6.2,11.1
36.050,6.9,6.1,6.2,11.1
36.075,6.9,6.1,6.2,11.1
36.100,6.8,6.2,6.1,11.1
36.125,6.8,6.2,6.1,11.1
36.150,6.8,6.2,6.1,11.1
36.175,6.8,6.2,6.1,11.1
36.200,6.9,6.2,6.2,11.2
36.225,6.9,6.2,6.2,11.2
36.250,6.9,6.2,6.2,11.2
36.275,6.9,6.2,6.2,11.2
36.300,6.8,6.2,6.1,11.1
36.325,6.8,6.2,6.1,11.1
36.350,6.8,6.2,6.1,11.1
36.375,6.8,6.2,6.1,11.1
36.400,6.8,6.1,6.1,11.0
36.425,6.8,6.1,6.1,11.0
36.450,6.8,6.0,6.1,11.0
36.475,6.8,6.0,6.1,11.0
36.500,6.8,6.0,6.1,11.0
36.525,6.8,6.1,6.1,11.0
36.550,6.8,6.1,6.1,11.0
36.575,6.8,6.1,6.1,11.0
36.600,6.8,6.1,6.1,11.0
36.625,6.8,6.1,6.1,11.0
36.650,6.8,6.1,6.1,11.0
36.675,6.8,6.1,6.1,11.0
36.700,6.8,6.1,6.1,11.0
36.725,6.9,6.2,6.2,11.1
36.750,6.9,6.2,6.2,11.1
36.775,6.9,6.3,6.2,11.2
36.800,6.9,6.3,6.2,11.2
36.825,6.9,6.3,6.2,11.2
36.850,6.9,6.3,6.2,11.2
36.875,6.9,6.2,6.2,11.1
36.900,6.9,6.2,6.2,11.1
36.925,6.9,6.2,6.2,11.1
36.950,6.9,6.2,6.2,11.1
36.975,6.9,6.1,6.1,11.1
37.000,6.9,6.1,6.1,11.1
37.025,6.9,6.1,6.1,11.1
37.050,6.9,6.1,6.1,11.1
37.075,6.8,6.1,6.2,11.1
37.100,6.8,6.1,6.2,11.1
37.125,6.8,6.1,6.2,11.1
37.150,6.8,6.1,6.2,11.1
37.175,6.9,6.0,6.2,11.1
37.200,6.9,6.0,6.2,11.1
37.225,6.9,6.0,6.2,11.1
37.250,6.9,6.1,6.2,11.0
37.275,6.9,6.1,6.2,11.0
37.300,6.9,6.1,6.2,11.0
37.325,6.9,6.1,6.2,11.0
37.350,6.9,6.1,6.2,11.1
37.375,6.9,6.1,6.2,11.1
37.400,6.9,6.1,6.2,11.1
37.425,6.9,6.1,6.2,11.1
37.450,6.8,6.2,6.2,11.1
37.475,6.8,6.2,6.2,11.1
37.500,6.8,6.2,6.2,11.1
37.525,6.8,6.2,6.2,11.1
37.550,6.8,6.2,6.2,11.1
37.575,6.8,6.2,6.2,11.1
37.600,6.8,6.2,6.2,11.1
37.625,6.9,6.3,6.2,11.2
37.650,6.9,6.3,6.2,11.2
37.675,6.9,6.3,6.2,11.2
37.700,6.9,6.2,6.2,11.1
37.725,6.9,6.2,6.2,11.1
37.750,6.9,6.2,6.2,11.1
37.775,9.2,6.2,1.4,11.1
37.800,9.2,6.2,1.4,11.1
37.825,9.2,6.2,1.4,11.1
37.850,9.2,6.2,1.4,11.1
37.875,8.8,6.8,0.3,11.1
37.900,8.8,6.8,0.3,11.1
37.925,8.8,6.8,0.3,11.1
37.950,7.8,6.6,4.0,10.9
37.975,7.8,6.6,4.0,10.9
38.000,7.8,6.6,4.0,10.9
38.025,7.8,6.6,4.0,10.9
38.050,6.9,5.0,1.4,8.6
38.075,6.9,5.0,1.4,8.6
38.100,6.9,5.0,1.4,8.6
38.125,6.9,5.0,1.4,8.6
38.150,7.4,3.6,-0.9,8.3
38.175,7.4,3.6,-0.9,8.3
38.200,7.4,3.6,-0.9,8.3
38.225,7.4,3.6,-0.9,8.3
38.250,6.2,2.6,-0.7,6.8
38.275,6.2,2.6,-0.7,6.8
38.300,6.2,2.6,-0.7,6.8
38.325,6.2,2.6,-0.7,6.8
38.350,6.0,2.8,-0.7,6.6
38.375,6.0,2.8,-0.7,6.6
38.400,6.0,2.7,-0.8,6.6
38.425,6.0,2.7,-0.8,6.6
38.450,6.0,2.7,-0.8,6.6
38.475,6.0,2.7,-0.8,6.6
38.500,5.8,3.7,-0.1,6.9
38.525,5.8,3.7,-0.1,6.9
38.550,5.8,3.7,-0.1,6.9
38.575,5.8,3.7,-0.1,6.9
38.600,6.1,3.5,-1.1,7.1
38.625,6.1,3.5,-1.1,7.1
38.650,6.1,3.5,-1.1,7.1
38.675,6.1,3.5,-1.1,7.1
38.700,5.7,3.6,-0.2,6.7
38.725,5.7,3.6,-0.2,6.7
38.750,5.7,3.6,-0.2,6.7
38.775,5.7,3.6,-0.2,6.7
38.800,5.6,3.4,0.0,6.6
38.825,5.6,3.4,0.0,6.6
38.850,5.6,3.4,0.0,6.6
38.875,5.6,3.4,0.0,6.6
38.900,5.6,3.5,0.2,6.6
38.925,5.6,3.5,0.2,6.6
38.950,5.6,3.5,0.2,6.6
